<?xml version="1.0"?>
<!DOCTYPE hibernate-mapping PUBLIC
	"-//Hibernate/Hibernate Mapping DTD 3.0//EN"
	"http://www.hibernate.org/dtd/hibernate-mapping-3.0.dtd">
<hibernate-mapping package="com._520it.wms.domain">
	<class name="Employee" table="employee">
        <id name="id">
            <generator class="native"/>
        </id>
        <property name="name"/>
        <property name="password"/>
        <property name="email"/>
        <property name="age"/>
        <property name="admin"/>
        <many-to-one name="dept"/>
        <bag name="roles" table="employee_roles">
        	<key column="employee_id"/>
        	<many-to-many column="role_id" class="Role"/>
        </bag>
	</class>
</hibernate-mapping>
