<?xml version="1.0"?>
<!DOCTYPE hibernate-mapping PUBLIC
	"-//Hibernate/Hibernate Mapping DTD 3.0//EN"
	"http://www.hibernate.org/dtd/hibernate-mapping-3.0.dtd">
<hibernate-mapping package="com._520it.wms.domain">
	<class name="Exam" table="exam" lazy="false">
        <id name="id">
            <generator class="native"/>
        </id>
        <property name="name"/>
        <property name="totaltimes"/>
        <property name="startdate"/>
        <property name="enddate"/>
        <many-to-one name="subject" column="subject_id" class="Subject"/>
	</class>
</hibernate-mapping>
