<?xml version="1.0"?>
<!DOCTYPE hibernate-mapping PUBLIC
	"-//Hibernate/Hibernate Mapping DTD 3.0//EN"
	"http://www.hibernate.org/dtd/hibernate-mapping-3.0.dtd">
<hibernate-mapping package="com._520it.wms.domain">
	<class name="Role" table="role" lazy="false">
        <id name="id">
            <generator class="native"/>
        </id>
        <property name="name"/>
        <property name="sn"/>
        <bag name="permissions" table="role_permissions">
        	<key column="role_id"/>
        	<many-to-many column="permission_id" class="Permission"/>
        </bag>
        <bag name="menus" table="role_menus">
        	<key column="role_id"/>
        	<many-to-many column="menu_id" class="SystemMenu"/>
        </bag>
	</class>
</hibernate-mapping>
