<?xml version="1.0"?>
<!DOCTYPE hibernate-mapping PUBLIC
	"-//Hibernate/Hibernate Mapping DTD 3.0//EN"
	"http://www.hibernate.org/dtd/hibernate-mapping-3.0.dtd">
<hibernate-mapping package="com._520it.wms.domain">
	<class name="SystemMenu" table="systemMenu" lazy="false">
        <id name="id">
            <generator class="native"/>
        </id>
        <property name="name"/>
        <property name="sn"/>
        <property name="url"/>
        <many-to-one name="parent" column="parent_id" class="SystemMenu"/>
	</class>
</hibernate-mapping>
