<?xml version="1.0" encoding="UTF-8" ?>
<!DOCTYPE struts PUBLIC
	"-//Apache Software Foundation//DTD Struts Configuration 2.3//EN"
	"http://struts.apache.org/dtds/struts-2.3.dtd">
<struts>
    <constant name="struts.devMode" value="true" />
    <constant name="struts.ui.theme" value="simple"/>
    <constant name="struts.locale" value="zh_CN"/>
    <!-- struts2默认上传文件最大为2M -->
    <constant name="struts.multipart.maxSize" value="1000000000"/>
    <package name="default" extends="struts-default" namespace="/">
    	<!-- 拦截器 -->
    	<interceptors>
    		<interceptor name="checkLoginInterceptor" class="com._520it.wms.web.interception.CheckLoginInterceptor"/>
    		<interceptor name="securityInterceptor" class="com._520it.wms.web.interception.SecurityInterceptor"/>
    		<interceptor-stack name="myStack">
    			<interceptor-ref name="checkLoginInterceptor"/>
    			<interceptor-ref name="securityInterceptor"/>
    			<interceptor-ref name="store">
    				<param name="operationMode">AUTOMATIC</param>
    			</interceptor-ref>
    			<interceptor-ref name="paramsPrepareParamsStack"/>
    		</interceptor-stack>
    	</interceptors>
    	<default-interceptor-ref name="myStack"/>
    	<!-- 全局结果视图 -->
    	<global-results>
    		<result name="login">/login.jsp</result>
    		<result name="error">/WEB-INF/views/common/error.jsp</result>
    		<result name="nopermission">/WEB-INF/views/common/nopermission.jsp</result>
    	</global-results>
    	<global-exception-mappings>
    		<exception-mapping result="error" exception="java.lang.Exception"/>
    	</global-exception-mappings>
    	<!-- action配置 -->
    	<action name="login" class="loginAction">
    		<result name="success">/WEB-INF/views/main.jsp</result>
    	</action>
    	<action name="logout" class="logoutAction">
    		<result name="success">/login.jsp</result>
    	</action>
		<action name="systemMenu_*" class="systemMenuAction" method="{1}">
			<result name="list">/WEB-INF/views/systemMenu/list.jsp</result>
			<result name="input">/WEB-INF/views/systemMenu/input.jsp</result>
			<result name="success" type="redirectAction">
				<param name="actionName">systemMenu</param>
				<param name="qo.parentId">${qo.parentId}</param>
			</result>
		</action>
		<action name="cutPaper_*" class="cutPaperAction" method="{1}">
			<result name="list">/WEB-INF/views/cutPaper/list.jsp</result>
			<result name="input">/WEB-INF/views/cutPaper/input.jsp</result>
			<result name="success" type="redirectAction">
				<param name="actionName">cutPaper</param>
				<param name="qo.parentId">${qo.parentId}</param>
			</result>
		</action>
		<action name="showGrade" class="complePaperAction">
			<result name="list">/WEB-INF/views/complePaper/showgrade.jsp</result>
		</action>
		<action name="*_*" class="{1}Action" method="{2}">
			<result name="list">/WEB-INF/views/{1}/list.jsp</result>
			<result name="input">/filedownupload/file.jsp</result>
			<result name="success" type="redirectAction">{1}</result>
			<result name="{2}">/WEB-INF/views/{1}/{2}.jsp</result>
		</action>
    </package>
</struts>
